Data,Ano,Mês,Dia da Semana,Dia,Qt_almoco,Qt_jantar
2016-01-04,2016,1,Segunda-feira,4,364,294
2016-01-05,2016,1,Terça-feira,5,489,363
2016-01-06,2016,1,Quarta-feira,6,522,401
2016-01-07,2016,1,Quinta-Feira,7,514,349
2016-01-08,2016,1,Sexta-feira,8,409,218
2016-01-11,2016,1,Segunda-feira,11,462,372
2016-01-12,2016,1,Terça-feira,12,575,435
2016-01-13,2016,1,Quarta-feira,13,525,388
2016-01-14,2016,1,Quinta-Feira,14,545,341
2016-01-15,2016,1,Sexta-feira,15,434,261
2016-01-18,2016,1,Segunda-feira,18,424,371
2016-01-19,2016,1,Terça-feira,19,499,391
2016-01-20,2016,1,Quarta-feira,20,501,398
2016-01-21,2016,1,Quinta-Feira,21,525,382
2016-01-22,2016,1,Sexta-feira,22,452,265
2016-01-25,2016,1,Segunda-feira,25,484,332
2016-01-26,2016,1,Terça-feira,26,514,385
2016-01-27,2016,1,Quarta-feira,27,514,343
2016-01-28,2016,1,Quinta-Feira,28,535,325
2016-01-29,2016,1,Sexta-feira,29,412,219
2016-02-01,2016,2,Segunda-feira,1,404,302
2016-02-02,2016,2,Terça-feira,2,504,328
2016-02-03,2016,2,Quarta-feira,3,427,324
2016-02-04,2016,2,Quinta-Feira,4,462,258
2016-02-05,2016,2,Sexta-feira,5,285,116
2016-02-08,2016,2,Segunda-feira,8,0,0
2016-02-09,2016,2,Terça-feira,9,0,0
2016-02-10,2016,2,Quarta-feira,10,0,0
2016-02-11,2016,2,Quinta-Feira,11,132,97
2016-02-12,2016,2,Sexta-feira,12,153,82
2016-02-15,2016,2,Segunda-feira,15,189,147
2016-02-16,2016,2,Terça-feira,16,266,150
2016-02-17,2016,2,Quarta-feira,17,250,123
2016-02-18,2016,2,Quinta-Feira,18,216,100
2016-02-19,2016,2,Sexta-feira,19,205,74
2016-03-01,2016,3,Terça-feira,1,0,0
2016-03-02,2016,3,Quarta-feira,2,0,0
2016-03-03,2016,3,Quinta-Feira,3,0,0
2016-03-04,2016,3,Sexta-feira,4,0,0
2016-03-07,2016,3,Segunda-feira,7,0,0
2016-03-08,2016,3,Terça-feira,8,0,0
2016-03-09,2016,3,Quarta-feira,9,0,0
2016-03-10,2016,3,Quinta-Feira,10,0,0
2016-03-11,2016,3,Sexta-feira,11,0,0
2016-03-14,2016,3,Segunda-feira,14,585,388
2016-03-15,2016,3,Terça-feira,15,733,464
2016-03-16,2016,3,Quarta-feira,16,716,470
2016-03-17,2016,3,Quinta-Feira,17,727,452
2016-03-18,2016,3,Sexta-feira,18,620,312
2016-03-21,2016,3,Segunda-feira,21,654,498
2016-03-22,2016,3,Terça-feira,22,752,449
2016-03-23,2016,3,Quarta-feira,23,668,337
2016-03-24,2016,3,Quinta-Feira,24,0,0
2016-03-25,2016,3,Sexta-feira,25,0,0
2016-03-28,2016,3,Segunda-feira,28,630,487
2016-03-29,2016,3,Terça-feira,29,803,461
2016-03-30,2016,3,Quarta-feira,30,801,537
2016-03-31,2016,3,Quinta-Feira,31,750,526
2016-04-01,2016,4,Sexta-feira,1,710,351
2016-04-04,2016,4,Segunda-feira,4,647,461
2016-04-05,2016,4,Terça-feira,5,783,501
2016-04-06,2016,4,Quarta-feira,6,757,516
2016-04-07,2016,4,Quinta-Feira,7,725,475
2016-04-08,2016,4,Sexta-feira,8,683,370
2016-04-11,2016,4,Segunda-feira,11,646,446
2016-04-12,2016,4,Terça-feira,12,780,495
2016-04-13,2016,4,Quarta-feira,13,753,523
2016-04-14,2016,4,Quinta-Feira,14,756,472
2016-04-15,2016,4,Sexta-feira,15,675,348
2016-04-18,2016,4,Segunda-feira,18,642,466
2016-04-19,2016,4,Terça-feira,19,791,504
2016-04-20,2016,4,Quarta-feira,20,741,385
2016-04-21,2016,4,Quinta-Feira,21,0,0
2016-04-22,2016,4,Sexta-feira,22,247,110
2016-04-25,2016,4,Segunda-feira,25,666,449
2016-04-26,2016,4,Terça-feira,26,738,460
2016-04-27,2016,4,Quarta-feira,27,694,471
2016-04-28,2016,4,Quinta-Feira,28,700,446
2016-04-29,2016,4,Sexta-feira,29,643,370
2016-05-02,2016,5,Segunda-feira,2,646,434
2016-05-03,2016,5,Terça-feira,3,689,466
2016-05-04,2016,5,Quarta-feira,4,735,451
2016-05-05,2016,5,Quinta-Feira,5,709,464
2016-05-06,2016,5,Sexta-feira,6,627,311
2016-05-09,2016,5,Segunda-feira,9,621,393
2016-05-10,2016,5,Terça-feira,10,722,460
2016-05-11,2016,5,Quarta-feira,11,719,436
2016-05-12,2016,5,Quinta-Feira,12,715,455
2016-05-13,2016,5,Sexta-feira,13,670,356
2016-05-16,2016,5,Segunda-feira,16,634,462
2016-05-17,2016,5,Terça-feira,17,721,480
2016-05-18,2016,5,Quarta-feira,18,741,418
2016-05-19,2016,5,Quinta-Feira,19,745,445
2016-05-20,2016,5,Sexta-feira,20,661,329
2016-05-23,2016,5,Segunda-feira,23,635,444
2016-05-24,2016,5,Terça-feira,24,705,465
2016-05-25,2016,5,Quarta-feira,25,690,375
2016-05-26,2016,5,Quinta-Feira,26,0,0
2016-05-27,2016,5,Sexta-feira,27,229,111
2016-05-30,2016,5,Segunda-feira,30,599,435
2016-05-31,2016,5,Terça-feira,31,763,495
2016-06-01,2016,6,Quarta-feira,1,743,452
2016-06-02,2016,6,Quinta-Feira,2,723,412
2016-06-03,2016,6,Sexta-feira,3,600,300
2016-06-06,2016,6,Segunda-feira,6,618,447
2016-06-07,2016,6,Terça-feira,7,742,448
2016-06-08,2016,6,Quarta-feira,8,737,436
2016-06-09,2016,6,Quinta-Feira,9,678,464
2016-06-10,2016,6,Sexta-feira,10,608,331
2016-06-13,2016,6,Segunda-feira,13,652,412
2016-06-14,2016,6,Terça-feira,14,733,457
2016-06-15,2016,6,Quarta-feira,15,712,453
2016-06-16,2016,6,Quinta-Feira,16,692,413
2016-06-17,2016,6,Sexta-feira,17,602,325
2016-06-20,2016,6,Segunda-feira,20,630,475
2016-06-21,2016,6,Terça-feira,21,712,466
2016-06-22,2016,6,Quarta-feira,22,713,430
2016-06-23,2016,6,Quinta-Feira,23,761,468
2016-06-24,2016,6,Sexta-feira,24,609,333
2016-06-27,2016,6,Segunda-feira,27,642,449
2016-06-28,2016,6,Terça-feira,28,706,394
2016-06-29,2016,6,Quarta-feira,29,700,433
2016-06-30,2016,6,Quinta-Feira,30,670,395
2016-07-01,2016,7,Sexta-feira,1,585,279
2016-07-04,2016,7,Segunda-feira,4,561,329
2016-07-05,2016,7,Terça-feira,5,0,0
2016-07-06,2016,7,Quarta-feira,6,683,392
2016-07-07,2016,7,Quinta-Feira,7,690,376
2016-07-08,2016,7,Sexta-feira,8,547,251
2016-07-11,2016,7,Segunda-feira,11,524,339
2016-07-12,2016,7,Terça-feira,12,576,353
2016-07-13,2016,7,Quarta-feira,13,598,335
2016-07-14,2016,7,Quinta-Feira,14,500,260
2016-07-15,2016,7,Sexta-feira,15,317,166
2016-07-18,2016,7,Segunda-feira,18,267,122
2016-07-19,2016,7,Terça-feira,19,302,141
2016-07-20,2016,7,Quarta-feira,20,282,89
2016-07-21,2016,7,Quinta-Feira,21,197,0
2016-07-22,2016,7,Sexta-feira,22,151,0
2016-07-25,2016,7,Segunda-feira,25,131,0
2016-07-26,2016,7,Terça-feira,26,161,0
2016-07-27,2016,7,Quarta-feira,27,159,0
2016-07-28,2016,7,Quinta-Feira,28,143,0
2016-07-29,2016,7,Sexta-feira,29,143,0
2016-08-01,2016,8,Segunda-feira,1,158,0
2016-08-02,2016,8,Terça-feira,2,152,0
2016-08-03,2016,8,Quarta-feira,3,169,0
2016-08-04,2016,8,Quinta-Feira,4,171,0
2016-08-05,2016,8,Sexta-feira,5,152,0
2016-08-08,2016,8,Segunda-feira,8,161,0
2016-08-09,2016,8,Terça-feira,9,178,0
2016-08-10,2016,8,Quarta-feira,10,173,0
2016-08-11,2016,8,Quinta-Feira,11,172,0
2016-08-12,2016,8,Sexta-feira,12,153,0
2016-08-15,2016,8,Segunda-feira,15,267,0
2016-08-16,2016,8,Terça-feira,16,700,420
2016-08-17,2016,8,Quarta-feira,17,688,431
2016-08-18,2016,8,Quinta-Feira,18,687,417
2016-08-19,2016,8,Sexta-feira,19,540,284
2016-08-22,2016,8,Segunda-feira,22,726,494
2016-08-23,2016,8,Terça-feira,23,791,469
2016-08-24,2016,8,Quarta-feira,24,773,519
2016-08-25,2016,8,Quinta-Feira,25,804,465
2016-08-26,2016,8,Sexta-feira,26,587,376
2016-08-29,2016,8,Segunda-feira,29,733,519
2016-08-30,2016,8,Terça-feira,30,802,527
2016-08-31,2016,8,Quarta-feira,31,791,551
2016-09-01,2016,9,Quinta-Feira,1,771,478
2016-09-02,2016,9,Sexta-feira,2,553,347
2016-09-05,2016,9,Segunda-feira,5,669,466
2016-09-06,2016,9,Terça-feira,6,729,468
2016-09-07,2016,9,Quarta-feira,7,0,0
2016-09-08,2016,9,Quinta-Feira,8,669,461
2016-09-09,2016,9,Sexta-feira,9,504,276
2016-09-12,2016,9,Segunda-feira,12,649,505
2016-09-13,2016,9,Terça-feira,13,776,537
2016-09-14,2016,9,Quarta-feira,14,748,525
2016-09-15,2016,9,Quinta-Feira,15,741,408
2016-09-16,2016,9,Sexta-feira,16,620,338
2016-09-19,2016,9,Segunda-feira,19,673,513
2016-09-20,2016,9,Terça-feira,20,766,546
2016-09-21,2016,9,Quarta-feira,21,749,536
2016-09-22,2016,9,Quinta-Feira,22,691,465
2016-09-23,2016,9,Sexta-feira,23,576,335
2016-09-26,2016,9,Segunda-feira,26,650,500
2016-09-27,2016,9,Terça-feira,27,731,531
2016-09-28,2016,9,Quarta-feira,28,691,514
2016-09-29,2016,9,Quinta-Feira,29,573,379
2016-09-30,2016,9,Sexta-feira,30,453,335
2016-10-03,2016,10,Segunda-feira,3,438,321
2016-10-04,2016,10,Terça-feira,4,667,410
2016-10-05,2016,10,Quarta-feira,5,689,473
2016-10-06,2016,10,Quinta-Feira,6,692,454
2016-10-07,2016,10,Sexta-feira,7,575,403
2016-10-10,2016,10,Segunda-feira,10,657,486
2016-10-11,2016,10,Terça-feira,11,719,453
2016-10-12,2016,10,Quarta-feira,12,0,0
2016-10-13,2016,10,Quinta-Feira,13,672,457
2016-10-14,2016,10,Sexta-feira,14,579,322
2016-10-17,2016,10,Segunda-feira,17,650,503
2016-10-18,2016,10,Terça-feira,18,743,509
2016-10-19,2016,10,Quarta-feira,19,742,514
2016-10-20,2016,10,Quinta-Feira,20,727,450
2016-10-21,2016,10,Sexta-feira,21,566,347
2016-10-24,2016,10,Segunda-feira,24,521,436
2016-10-25,2016,10,Terça-feira,25,642,432
2016-10-26,2016,10,Quarta-feira,26,628,400
2016-10-27,2016,10,Quinta-Feira,27,606,301
2016-10-28,2016,10,Sexta-feira,28,0,0
2016-10-31,2016,10,Segunda-feira,31,639,374
2016-11-01,2016,11,Terça-feira,1,704,380
2016-11-02,2016,11,Quarta-feira,2,0,0
2016-11-03,2016,11,Quinta-Feira,3,409,302
2016-11-04,2016,11,Sexta-feira,4,357,168
2016-11-07,2016,11,Segunda-feira,7,618,446
2016-11-08,2016,11,Terça-feira,8,696,537
2016-11-09,2016,11,Quarta-feira,9,710,461
2016-11-10,2016,11,Quinta-Feira,10,669,491
2016-11-11,2016,11,Sexta-feira,11,529,284
2016-11-14,2016,11,Segunda-feira,14,497,321
2016-11-15,2016,11,Terça-feira,15,0,0
2016-11-16,2016,11,Quarta-feira,16,654,458
2016-11-17,2016,11,Quinta-Feira,17,666,449
2016-11-18,2016,11,Sexta-feira,18,523,295
2016-11-21,2016,11,Segunda-feira,21,632,450
2016-11-22,2016,11,Terça-feira,22,679,489
2016-11-23,2016,11,Quarta-feira,23,690,414
2016-11-24,2016,11,Quinta-Feira,24,641,440
2016-11-25,2016,11,Sexta-feira,25,485,306
2016-11-28,2016,11,Segunda-feira,28,558,450
2016-11-29,2016,11,Terça-feira,29,617,448
2016-11-30,2016,11,Quarta-feira,30,591,430
2016-12-01,2016,12,Quinta-Feira,1,579,395
2016-12-02,2016,12,Sexta-feira,2,523,268
2016-12-05,2016,12,Segunda-feira,5,613,391
2016-12-06,2016,12,Terça-feira,6,626,401
2016-12-07,2016,12,Quarta-feira,7,614,367
2016-12-08,2016,12,Quinta-Feira,8,0,0
2016-12-09,2016,12,Sexta-feira,9,408,233
2016-12-12,2016,12,Segunda-feira,12,558,339
2016-12-13,2016,12,Terça-feira,13,532,292
2016-12-14,2016,12,Quarta-feira,14,550,291
2016-12-15,2016,12,Quinta-Feira,15,537,337
2016-12-16,2016,12,Sexta-feira,16,370,185
2016-12-19,2016,12,Segunda-feira,19,251,155
2016-12-20,2016,12,Terça-feira,20,263,127
2016-12-21,2016,12,Quarta-feira,21,180,110
2016-12-22,2016,12,Quinta-Feira,22,175,48
2016-12-23,2016,12,Sexta-feira,23,0,0
2016-12-26,2016,12,Segunda-feira,26,0,0
2016-12-27,2016,12,Terça-feira,27,0,0
2016-12-28,2016,12,Quarta-feira,28,0,0
2016-12-29,2016,12,Quinta-Feira,29,0,0
2016-12-30,2016,12,Sexta-feira,30,0,0
2017-01-02,2017,1,Segunda-feira,2,0,0
2017-01-03,2017,1,Terça-feira,3,99,0
2017-01-04,2017,1,Quarta-feira,4,167,0
2017-01-05,2017,1,Quinta-Feira,5,176,0
2017-01-06,2017,1,Sexta-feira,6,149,0
2017-01-09,2017,1,Segunda-feira,9,148,0
2017-01-10,2017,1,Terça-feira,10,159,0
2017-01-11,2017,1,Quarta-feira,11,181,0
2017-01-12,2017,1,Quinta-Feira,12,184,0
2017-01-13,2017,1,Sexta-feira,13,129,0
2017-01-16,2017,1,Segunda-feira,16,152,0
2017-01-17,2017,1,Terça-feira,17,177,0
2017-01-18,2017,1,Quarta-feira,18,199,0
2017-01-19,2017,1,Quinta-Feira,19,225,0
2017-01-20,2017,1,Sexta-feira,20,181,0
2017-01-23,2017,1,Segunda-feira,23,186,107
2017-01-24,2017,1,Terça-feira,24,216,124
2017-01-25,2017,1,Quarta-feira,25,235,124
2017-01-26,2017,1,Quinta-Feira,26,214,112
2017-01-27,2017,1,Sexta-feira,27,181,103
2017-01-30,2017,1,Segunda-feira,30,184,101
2017-01-31,2017,1,Terça-feira,31,211,110
2017-02-01,2017,2,Quarta-feira,1,239,99
2017-02-02,2017,2,Quinta-Feira,2,215,92
2017-02-03,2017,2,Sexta-feira,3,191,98
2017-02-06,2017,2,Segunda-feira,6,181,78
2017-02-07,2017,2,Terça-feira,7,196,90
2017-02-08,2017,2,Quarta-feira,8,205,102
2017-02-09,2017,2,Quinta-Feira,9,266,0
2017-02-10,2017,2,Sexta-feira,10,180,0
2017-02-13,2017,2,Segunda-feira,13,152,0
2017-02-14,2017,2,Terça-feira,14,177,0
2017-02-15,2017,2,Quarta-feira,15,185,0
2017-02-16,2017,2,Quinta-Feira,16,158,0
2017-02-17,2017,2,Sexta-feira,17,193,0
2017-02-20,2017,2,Segunda-feira,20,135,0
2017-02-21,2017,2,Terça-feira,21,165,0
2017-02-22,2017,2,Quarta-feira,22,175,0
2017-02-23,2017,2,Quinta-Feira,23,169,0
2017-02-24,2017,2,Sexta-feira,24,121,0
2017-02-27,2017,2,Segunda-feira,27,0,0
2017-02-28,2017,2,Terça-feira,28,0,0
2017-03-01,2017,3,Quarta-feira,1,0,0
2017-03-02,2017,3,Quinta-Feira,2,100,0
2017-03-03,2017,3,Sexta-feira,3,117,0
2017-03-06,2017,3,Segunda-feira,6,176,0
2017-03-07,2017,3,Terça-feira,7,202,0
2017-03-08,2017,3,Quarta-feira,8,231,0
2017-03-09,2017,3,Quinta-Feira,9,259,0
2017-03-10,2017,3,Sexta-feira,10,233,0
2017-03-13,2017,3,Segunda-feira,13,805,567
2017-03-14,2017,3,Terça-feira,14,837,590
2017-03-15,2017,3,Quarta-feira,15,838,542
2017-03-16,2017,3,Quinta-Feira,16,857,547
2017-03-17,2017,3,Sexta-feira,17,731,356
2017-03-20,2017,3,Segunda-feira,20,787,587
2017-03-21,2017,3,Terça-feira,21,859,572
2017-03-22,2017,3,Quarta-feira,22,835,616
2017-03-23,2017,3,Quinta-Feira,23,872,560
2017-03-24,2017,3,Sexta-feira,24,699,441
2017-03-27,2017,3,Segunda-feira,27,750,562
2017-03-28,2017,3,Terça-feira,28,886,519
2017-03-29,2017,3,Quarta-feira,29,863,587
2017-03-30,2017,3,Quinta-Feira,30,852,564
2017-03-31,2017,3,Sexta-feira,31,725,417
2017-04-03,2017,4,Segunda-feira,3,637,531
2017-04-04,2017,4,Terça-feira,4,838,548
2017-04-05,2017,4,Quarta-feira,5,821,585
2017-04-06,2017,4,Quinta-Feira,6,867,571
2017-04-07,2017,4,Sexta-feira,7,732,377
2017-04-10,2017,4,Segunda-feira,10,754,527
2017-04-11,2017,4,Terça-feira,11,790,469
2017-04-12,2017,4,Quarta-feira,12,658,419
2017-04-13,2017,4,Quinta-Feira,13,0,0
2017-04-14,2017,4,Sexta-feira,14,0,0
2017-04-17,2017,4,Segunda-feira,17,580,442
2017-04-18,2017,4,Terça-feira,18,796,499
2017-04-19,2017,4,Quarta-feira,19,808,525
2017-04-20,2017,4,Quinta-Feira,20,740,426
2017-04-21,2017,4,Sexta-feira,21,0,0
2017-04-24,2017,4,Segunda-feira,24,702,516
2017-04-25,2017,4,Terça-feira,25,788,543
2017-04-26,2017,4,Quarta-feira,26,832,573
2017-04-27,2017,4,Quinta-Feira,27,833,517
2017-04-28,2017,4,Sexta-feira,28,355,204
2017-05-01,2017,5,Segunda-feira,1,0,0
2017-05-02,2017,5,Terça-feira,2,734,491
2017-05-03,2017,5,Quarta-feira,3,805,501
2017-05-04,2017,5,Quinta-Feira,4,807,555
2017-05-05,2017,5,Sexta-feira,5,671,375
2017-05-08,2017,5,Segunda-feira,8,672,502
2017-05-09,2017,5,Terça-feira,9,808,541
2017-05-10,2017,5,Quarta-feira,10,823,513
2017-05-11,2017,5,Quinta-Feira,11,808,493
2017-05-12,2017,5,Sexta-feira,12,575,304
2017-05-15,2017,5,Segunda-feira,15,647,498
2017-05-16,2017,5,Terça-feira,16,823,502
2017-05-17,2017,5,Quarta-feira,17,763,517
2017-05-18,2017,5,Quinta-Feira,18,817,507
2017-05-19,2017,5,Sexta-feira,19,694,402
2017-05-22,2017,5,Segunda-feira,22,707,514
2017-05-23,2017,5,Terça-feira,23,806,518
2017-05-24,2017,5,Quarta-feira,24,799,537
2017-05-25,2017,5,Quinta-Feira,25,813,544
2017-05-26,2017,5,Sexta-feira,26,689,396
2017-05-29,2017,5,Segunda-feira,29,627,499
2017-05-30,2017,5,Terça-feira,30,796,553
2017-05-31,2017,5,Quarta-feira,31,781,478
2017-06-01,2017,6,Quinta-Feira,1,812,492
2017-06-02,2017,6,Sexta-feira,2,608,361
2017-06-05,2017,6,Segunda-feira,5,616,506
2017-06-06,2017,6,Terça-feira,6,778,525
2017-06-07,2017,6,Quarta-feira,7,768,500
2017-06-08,2017,6,Quinta-Feira,8,787,496
2017-06-09,2017,6,Sexta-feira,9,642,359
2017-06-12,2017,6,Segunda-feira,12,681,469
2017-06-13,2017,6,Terça-feira,13,779,503
2017-06-14,2017,6,Quarta-feira,14,738,419
2017-06-15,2017,6,Quinta-Feira,15,0,0
2017-06-16,2017,6,Sexta-feira,16,315,158
2017-06-19,2017,6,Segunda-feira,19,608,494
2017-06-20,2017,6,Terça-feira,20,786,520
2017-06-21,2017,6,Quarta-feira,21,788,512
2017-06-22,2017,6,Quinta-Feira,22,769,484
2017-06-23,2017,6,Sexta-feira,23,661,367
2017-06-26,2017,6,Segunda-feira,26,635,493
2017-06-27,2017,6,Terça-feira,27,792,502
2017-06-28,2017,6,Quarta-feira,28,770,490
2017-06-29,2017,6,Quinta-Feira,29,738,487
2017-06-30,2017,6,Sexta-feira,30,565,301
 2017-07-03,2017,7,Segunda-feira,3,660,467
 2017-07-04,2017,7,Terça-feira,4,742,461
 2017-07-05,2017,7,Quarta-feira,5,0,0
 2017-07-06,2017,7,Quinta-Feira,6,746,444
 2017-07-07,2017,7,Sexta-feira,7,591,347
 2017-07-10,2017,7,Segunda-feira,10,540,397
 2017-07-11,2017,7,Terça-feira,11,605,375
 2017-07-12,2017,7,Quarta-feira,12,629,375
 2017-07-13,2017,7,Quinta-Feira,13,588,339
 2017-07-14,2017,7,Sexta-feira,14,407,212
 2017-07-17,2017,7,Segunda-feira,17,424,291
 2017-07-18,2017,7,Terça-feira,18,446,238
 2017-07-19,2017,7,Quarta-feira,19,429,286
 2017-07-20,2017,7,Quinta-Feira,20,378,183
 2017-07-21,2017,7,Sexta-feira,21,314,154
 2017-07-24,2017,7,Segunda-feira,24,124,0
 2017-07-25,2017,7,Terça-feira,25,125,0
 2017-07-26,2017,7,Quarta-feira,26,145,0
 2017-07-27,2017,7,Quinta-Feira,27,146,0
 2017-07-28,2017,7,Sexta-feira,28,103,0
 2017-07-31,2017,7,Segunda-feira,31,132,0
 2017-08-01,2017,8,Terça-feira,1,138,0
 2017-08-02,2017,8,Quarta-feira,2,151,0
 2017-08-03,2017,8,Quinta-Feira,3,150,0
 2017-08-04,2017,8,Sexta-feira,4,132,0
 2017-08-07,2017,8,Segunda-feira,7,143,0
 2017-08-08,2017,8,Terça-feira,8,149,0
 2017-08-09,2017,8,Quarta-feira,9,166,0
 2017-08-10,2017,8,Quinta-Feira,10,176,0
 2017-08-11,2017,8,Sexta-feira,11,139,0
 2017-08-14,2017,8,Segunda-feira,14,281,0
 2017-08-15,2017,8,Terça-feira,15,378,0
 2017-08-16,2017,8,Quarta-feira,16,687,466
 2017-08-17,2017,8,Quinta-Feira,17,732,462
 2017-08-18,2017,8,Sexta-feira,18,544,326
 2017-08-21,2017,8,Segunda-feira,21,801,558
 2017-08-22,2017,8,Terça-feira,22,947,576
 2017-08-23,2017,8,Quarta-feira,23,895,647
 2017-08-24,2017,8,Quinta-Feira,24,858,539
 2017-08-25,2017,8,Sexta-feira,25,658,386
 2017-08-28,2017,8,Segunda-feira,28,777,547
 2017-08-29,2017,8,Terça-feira,29,939,598
 2017-08-30,2017,8,Quarta-feira,30,894,588
 2017-08-31,2017,8,Quinta-Feira,31,870,559
2017-09-01,2017,9,Sexta-feira,1,705,434
2017-09-04,2017,9,Segunda-feira,4,793,578
2017-09-05,2017,9,Terça-feira,5,935,530
2017-09-06,2017,9,Quarta-feira,6,759,469
2017-09-07,2017,9,Quinta-Feira,7,0,0
2017-09-08,2017,9,Sexta-feira,8,232,136
2017-09-11,2017,9,Segunda-feira,11,762,560
2017-09-12,2017,9,Terça-feira,12,943,589
2017-09-13,2017,9,Quarta-feira,13,823,560
2017-09-14,2017,9,Quinta-Feira,14,869,565
2017-09-15,2017,9,Sexta-feira,15,672,411
2017-09-18,2017,9,Segunda-feira,18,728,554
2017-09-19,2017,9,Terça-feira,19,882,529
2017-09-20,2017,9,Quarta-feira,20,784,534
2017-09-21,2017,9,Quinta-Feira,21,842,505
2017-09-22,2017,9,Sexta-feira,22,702,428
2017-09-25,2017,9,Segunda-feira,25,702,519
2017-09-26,2017,9,Terça-feira,26,891,568
2017-09-27,2017,9,Quarta-feira,27,847,535
2017-09-28,2017,9,Quinta-Feira,28,834,556
2017-09-29,2017,9,Sexta-feira,29,707,392
2017-10-02,2017,10,Segunda-feira,2,704,524
2017-10-03,2017,10,Terça-feira,3,900,545
2017-10-04,2017,10,Quarta-feira,4,817,532
2017-10-05,2017,10,Quinta-Feira,5,848,527
2017-10-06,2017,10,Sexta-feira,6,668,420
2017-10-09,2017,10,Segunda-feira,9,746,514
2017-10-10,2017,10,Terça-feira,10,790,480
2017-10-11,2017,10,Quarta-feira,11,708,402
2017-10-12,2017,10,Quinta-Feira,12,0,0
2017-10-13,2017,10,Sexta-feira,13,0,0
2017-10-16,2017,10,Segunda-feira,16,700,504
2017-10-17,2017,10,Terça-feira,17,854,523
2017-10-18,2017,10,Quarta-feira,18,823,546
2017-10-19,2017,10,Quinta-Feira,19,861,533
2017-10-20,2017,10,Sexta-feira,20,698,444
2017-10-23,2017,10,Segunda-feira,23,700,528
2017-10-24,2017,10,Terça-feira,24,869,512
2017-10-25,2017,10,Quarta-feira,25,809,448
2017-10-26,2017,10,Quinta-Feira,26,610,377
2017-10-27,2017,10,Sexta-feira,27,504,214
2017-10-30,2017,10,Segunda-feira,30,749,523
2017-10-31,2017,10,Terça-feira,31,833,518
2017-11-01,2017,11,Quarta-feira,1,767,466
2017-11-02,2017,11,Quinta-Feira,2,0,0
2017-11-03,2017,11,Sexta-feira,3,290,192
2017-11-06,2017,11,Segunda-feira,6,673,495
2017-11-07,2017,11,Terça-feira,7,808,472
2017-11-08,2017,11,Quarta-feira,8,860,508
2017-11-09,2017,11,Quinta-Feira,9,841,485
2017-11-10,2017,11,Sexta-feira,10,590,399
2017-11-13,2017,11,Segunda-feira,13,660,470
2017-11-14,2017,11,Terça-feira,14,849,470
2017-11-15,2017,11,Quarta-feira,15,0,0
2017-11-16,2017,11,Quinta-Feira,16,769,507
2017-11-17,2017,11,Sexta-feira,17,613,371
2017-11-20,2017,11,Segunda-feira,20,663,464
2017-11-21,2017,11,Terça-feira,21,825,469
2017-11-22,2017,11,Quarta-feira,22,838,556
2017-11-23,2017,11,Quinta-Feira,23,802,508
2017-11-24,2017,11,Sexta-feira,24,663,409
2017-11-27,2017,11,Segunda-feira,27,656,473
2017-11-28,2017,11,Terça-feira,28,800,524
2017-11-29,2017,11,Quarta-feira,29,803,538
2017-11-30,2017,11,Quinta-Feira,30,749,499
2017-12-01,2017,12,Sexta-feira,1,637,378
2017-12-04,2017,12,Segunda-feira,4,649,430
2017-12-05,2017,12,Terça-feira,5,785,456
2017-12-06,2017,12,Quarta-feira,6,786,486
2017-12-07,2017,12,Quinta-Feira,7,750,393
2017-12-08,2017,12,Sexta-feira,8,0,0
2017-12-11,2017,12,Segunda-feira,11,563,396
2017-12-12,2017,12,Terça-feira,12,655,393
2017-12-13,2017,12,Quarta-feira,13,625,437
2017-12-14,2017,12,Quinta-Feira,14,613,368
2017-12-15,2017,12,Sexta-feira,15,403,213
2017-12-18,2017,12,Segunda-feira,18,349,230
2017-12-19,2017,12,Terça-feira,19,379,219
2017-12-20,2017,12,Quarta-feira,20,386,186
2017-12-21,2017,12,Quinta-Feira,21,283,111
2017-12-22,2017,12,Sexta-feira,22,0,0
2017-12-25,2017,12,Segunda-feira,25,0,0
2017-12-26,2017,12,Terça-feira,26,0,0
2017-12-27,2017,12,Quarta-feira,27,0,0
2017-12-28,2017,12,Quinta-Feira,28,0,0
2017-12-29,2017,12,Sexta-feira,29,0,0
2018-01-02,2018,1,Terça-feira,2,0,0
2018-01-03,2018,1,Quarta-feira,3,0,0
2018-01-04,2018,1,Quinta-Feira,4,0,0
2018-01-05,2018,1,Sexta-feira,5,0,0
2018-01-08,2018,1,Segunda-feira,8,69,0
2018-01-09,2018,1,Terça-feira,9,112,0
2018-01-10,2018,1,Quarta-feira,10,122,0
2018-01-11,2018,1,Quinta-Feira,11,115,0
2018-01-12,2018,1,Sexta-feira,12,100,0
2018-01-15,2018,1,Segunda-feira,15,117,0
2018-01-16,2018,1,Terça-feira,16,156,0
2018-01-17,2018,1,Quarta-feira,17,167,0
2018-01-18,2018,1,Quinta-Feira,18,135,0
2018-01-19,2018,1,Sexta-feira,19,120,0
2018-01-22,2018,1,Segunda-feira,22,156,0
2018-01-23,2018,1,Terça-feira,23,151,0
2018-01-24,2018,1,Quarta-feira,24,149,0
2018-01-25,2018,1,Quinta-Feira,25,130,0
2018-01-26,2018,1,Sexta-feira,26,114,0
2018-01-29,2018,1,Segunda-feira,29,144,0
2018-01-30,2018,1,Terça-feira,30,178,0
2018-01-31,2018,1,Quarta-feira,31,179,0
2018-02-01,2018,2,Quinta-Feira,1,139,0
2018-02-02,2018,2,Sexta-feira,2,119,0
2018-02-05,2018,2,Segunda-feira,5,153,0
2018-02-06,2018,2,Terça-feira,6,155,0
2018-02-07,2018,2,Quarta-feira,7,177,0
2018-02-08,2018,2,Quinta-Feira,8,175,0
2018-02-09,2018,2,Sexta-feira,9,116,0
2018-02-12,2018,2,Segunda-feira,12,0,0
2018-02-13,2018,2,Terça-feira,13,0,0
2018-02-14,2018,2,Quarta-feira,14,0,0
2018-02-15,2018,2,Quinta-Feira,15,127,0
2018-02-16,2018,2,Sexta-feira,16,131,0
2018-02-19,2018,2,Segunda-feira,19,189,0
2018-02-20,2018,2,Terça-feira,20,242,0
2018-02-21,2018,2,Quarta-feira,21,301,0
2018-02-22,2018,2,Quinta-Feira,22,604,360
2018-02-23,2018,2,Sexta-feira,23,446,219
2018-02-26,2018,2,Segunda-feira,26,743,489
2018-02-27,2018,2,Terça-feira,27,825,519
2018-02-28,2018,2,Quarta-feira,28,811,425
2018-03-01,2018,3,Quinta-Feira,1,796,470
2018-03-02,2018,3,Sexta-feira,2,620,278
2018-03-05,2018,3,Segunda-feira,5,695,507
2018-03-06,2018,3,Terça-feira,6,858,546
2018-03-07,2018,3,Quarta-feira,7,902,525
2018-03-08,2018,3,Quinta-Feira,8,896,514
2018-03-09,2018,3,Sexta-feira,9,751,400
2018-03-12,2018,3,Segunda-feira,12,730,524
2018-03-13,2018,3,Terça-feira,13,844,525
2018-03-14,2018,3,Quarta-feira,14,847,530
2018-03-15,2018,3,Quinta-Feira,15,829,516
2018-03-16,2018,3,Sexta-feira,16,630,305
2018-03-19,2018,3,Segunda-feira,19,0,0
2018-03-20,2018,3,Terça-feira,20,617,465
2018-03-21,2018,3,Quarta-feira,21,786,396
2018-03-22,2018,3,Quinta-Feira,22,834,519
2018-03-23,2018,3,Sexta-feira,23,650,328
2018-03-26,2018,3,Segunda-feira,26,771,543
2018-03-27,2018,3,Terça-feira,27,823,333
2018-03-28,2018,3,Quarta-feira,28,763,395
2018-03-29,2018,3,Quinta-Feira,29,0,0
2018-03-30,2018,3,Sexta-feira,30,0,0
2018-04-02,2018,4,Segunda-feira,2,713,491
2018-04-03,2018,4,Terça-feira,3,852,539
2018-04-04,2018,4,Quarta-feira,4,830,516
2018-04-05,2018,4,Quinta-Feira,5,889,527
2018-04-06,2018,4,Sexta-feira,6,696,405
2018-04-09,2018,4,Segunda-feira,9,772,488
2018-04-10,2018,4,Terça-feira,10,883,470
2018-04-11,2018,4,Quarta-feira,11,878,481
2018-04-12,2018,4,Quinta-Feira,12,851,462
2018-04-13,2018,4,Sexta-feira,13,726,364
2018-04-16,2018,4,Segunda-feira,16,728,485
2018-04-17,2018,4,Terça-feira,17,851,501
2018-04-18,2018,4,Quarta-feira,18,812,490
2018-04-19,2018,4,Quinta-Feira,19,799,439
2018-04-20,2018,4,Sexta-feira,20,596,330
2018-04-23,2018,4,Segunda-feira,23,761,486
2018-04-24,2018,4,Terça-feira,24,853,494
2018-04-25,2018,4,Quarta-feira,25,794,510
2018-04-26,2018,4,Quinta-Feira,26,763,419
2018-04-27,2018,4,Sexta-feira,27,597,334
2018-04-30,2018,4,Segunda-feira,30,297,146
2018-05-01,2018,5,Terça-feira,1,0,0
2018-05-02,2018,5,Quarta-feira,2,765,469
2018-05-03,2018,5,Quinta-Feira,3,811,485
2018-05-04,2018,5,Sexta-feira,4,652,362
2018-05-07,2018,5,Segunda-feira,7,705,486
2018-05-08,2018,5,Terça-feira,8,827,502
2018-05-09,2018,5,Quarta-feira,9,802,450
2018-05-10,2018,5,Quinta-Feira,10,832,475
2018-05-11,2018,5,Sexta-feira,11,611,307
2018-05-14,2018,5,Segunda-feira,14,651,483
2018-05-15,2018,5,Terça-feira,15,803,476
2018-05-16,2018,5,Quarta-feira,16,774,472
2018-05-17,2018,5,Quinta-Feira,17,767,438
2018-05-18,2018,5,Sexta-feira,18,650,359
2018-05-21,2018,5,Segunda-feira,21,698,464
2018-05-22,2018,5,Terça-feira,22,795,486
2018-05-23,2018,5,Quarta-feira,23,819,469
2018-05-24,2018,5,Quinta-Feira,24,710,483
2018-05-25,2018,5,Sexta-feira,25,572,283
2018-05-28,2018,5,Segunda-feira,28,669,433
2018-05-29,2018,5,Terça-feira,29,776,490
2018-05-30,2018,5,Quarta-feira,30,686,381
2018-05-31,2018,5,Quinta-Feira,31,0,0
2018-06-01,2018,6,Sexta-feira,1,242,129
2018-06-04,2018,6,Segunda-feira,4,660,486
2018-06-05,2018,6,Terça-feira,5,821,527
2018-06-06,2018,6,Quarta-feira,6,828,471
2018-06-07,2018,6,Quinta-Feira,7,811,461
2018-06-08,2018,6,Sexta-feira,8,650,371
2018-06-11,2018,6,Segunda-feira,11,715,460
2018-06-12,2018,6,Terça-feira,12,761,449
2018-06-13,2018,6,Quarta-feira,13,787,403
2018-06-14,2018,6,Quinta-Feira,14,751,438
2018-06-15,2018,6,Sexta-feira,15,639,374
2018-06-18,2018,6,Segunda-feira,18,624,428
2018-06-19,2018,6,Terça-feira,19,774,447
2018-06-20,2018,6,Quarta-feira,20,756,429
2018-06-21,2018,6,Quinta-Feira,21,741,355
2018-06-22,2018,6,Sexta-feira,22,0,205
2018-06-25,2018,6,Segunda-feira,25,529,382
2018-06-26,2018,6,Terça-feira,26,577,334
2018-06-27,2018,6,Quarta-feira,27,374,0
2018-06-28,2018,6,Quinta-Feira,28,419,261
2018-06-29,2018,6,Sexta-feira,29,356,163
2018-07-02,2018,7,Segunda-feira,2,0,135
2018-07-03,2018,7,Terça-feira,3,276,148
2018-07-04,2018,7,Quarta-feira,4,186,0
2018-07-05,2018,7,Quinta-Feira,5,0,0
2018-07-06,2018,7,Sexta-feira,6,68,0
2018-07-09,2018,7,Segunda-feira,9,115,0
2018-07-10,2018,7,Terça-feira,10,123,0
2018-07-11,2018,7,Quarta-feira,11,125,0
2018-07-12,2018,7,Quinta-Feira,12,112,0
2018-07-13,2018,7,Sexta-feira,13,94,0
2018-07-16,2018,7,Segunda-feira,16,115,0
2018-07-17,2018,7,Terça-feira,17,119,0
2018-07-18,2018,7,Quarta-feira,18,115,0
2018-07-19,2018,7,Quinta-Feira,19,91,0
2018-07-20,2018,7,Sexta-feira,20,84,0
2018-07-23,2018,7,Segunda-feira,23,94,0
2018-07-24,2018,7,Terça-feira,24,111,0
2018-07-25,2018,7,Quarta-feira,25,118,0
2018-07-26,2018,7,Quinta-Feira,26,116,0
2018-07-27,2018,7,Sexta-feira,27,122,0
2018-07-30,2018,7,Segunda-feira,30,128,0
2018-07-31,2018,7,Terça-feira,31,160,0
2018-08-01,2018,8,Quarta-feira,1,176,0
2018-08-02,2018,8,Quinta-Feira,2,162,0
2018-08-03,2018,8,Sexta-feira,3,142,0
2018-08-06,2018,8,Segunda-feira,6,732,486
2018-08-07,2018,8,Terça-feira,7,896,560
2018-08-08,2018,8,Quarta-feira,8,877,530
2018-08-09,2018,8,Quinta-Feira,9,862,526
2018-08-10,2018,8,Sexta-feira,10,604,340
2018-08-13,2018,8,Segunda-feira,13,790,520
2018-08-14,2018,8,Terça-feira,14,876,553
2018-08-15,2018,8,Quarta-feira,15,775,548
2018-08-16,2018,8,Quinta-Feira,16,799,555
2018-08-17,2018,8,Sexta-feira,17,680,415
2018-08-20,2018,8,Segunda-feira,20,778,567
2018-08-21,2018,8,Terça-feira,21,903,587
2018-08-22,2018,8,Quarta-feira,22,862,584
2018-08-23,2018,8,Quinta-Feira,23,853,591
2018-08-24,2018,8,Sexta-feira,24,640,359
2018-08-27,2018,8,Segunda-feira,27,788,549
2018-08-28,2018,8,Terça-feira,28,898,561
2018-08-29,2018,8,Quarta-feira,29,848,564
2018-08-30,2018,8,Quinta-Feira,30,845,550
2018-08-31,2018,8,Sexta-feira,31,677,420
2018-01-02,2018,1,Terça-feira,2,0,0
2018-01-03,2018,1,Quarta-feira,3,0,0
2018-01-04,2018,1,Quinta-Feira,4,0,0
2018-01-05,2018,1,Sexta-feira,5,0,0
2018-01-08,2018,1,Segunda-feira,8,69,0
2018-01-09,2018,1,Terça-feira,9,112,0
2018-01-10,2018,1,Quarta-feira,10,122,0
2018-01-11,2018,1,Quinta-Feira,11,115,0
2018-01-12,2018,1,Sexta-feira,12,100,0
2018-01-15,2018,1,Segunda-feira,15,117,0
2018-01-16,2018,1,Terça-feira,16,156,0
2018-01-17,2018,1,Quarta-feira,17,167,0
2018-01-18,2018,1,Quinta-Feira,18,135,0
2018-01-19,2018,1,Sexta-feira,19,120,0
2018-01-22,2018,1,Segunda-feira,22,156,0
2018-01-23,2018,1,Terça-feira,23,151,0
2018-01-24,2018,1,Quarta-feira,24,149,0
2018-01-25,2018,1,Quinta-Feira,25,130,0
2018-01-26,2018,1,Sexta-feira,26,114,0
2018-01-29,2018,1,Segunda-feira,29,144,0
2018-01-30,2018,1,Terça-feira,30,178,0
2018-01-31,2018,1,Quarta-feira,31,179,0
2018-02-01,2018,2,Quinta-Feira,1,139,0
2018-02-02,2018,2,Sexta-feira,2,119,0
2018-02-05,2018,2,Segunda-feira,5,153,0
2018-02-06,2018,2,Terça-feira,6,155,0
2018-02-07,2018,2,Quarta-feira,7,177,0
2018-02-08,2018,2,Quinta-Feira,8,175,0
2018-02-09,2018,2,Sexta-feira,9,116,0
2018-02-12,2018,2,Segunda-feira,12,0,0
2018-02-13,2018,2,Terça-feira,13,0,0
2018-02-14,2018,2,Quarta-feira,14,0,0
2018-02-15,2018,2,Quinta-Feira,15,127,0
2018-02-16,2018,2,Sexta-feira,16,131,0
2018-02-19,2018,2,Segunda-feira,19,189,0
2018-02-20,2018,2,Terça-feira,20,242,0
2018-02-21,2018,2,Quarta-feira,21,301,0
2018-02-22,2018,2,Quinta-Feira,22,604,360
2018-02-23,2018,2,Sexta-feira,23,446,219
2018-02-26,2018,2,Segunda-feira,26,743,489
2018-02-27,2018,2,Terça-feira,27,825,519
2018-02-28,2018,2,Quarta-feira,28,811,425
2018-03-01,2018,3,Quinta-Feira,1,796,470
2018-03-02,2018,3,Sexta-feira,2,620,278
2018-03-05,2018,3,Segunda-feira,5,695,507
2018-03-06,2018,3,Terça-feira,6,858,546
2018-03-07,2018,3,Quarta-feira,7,902,525
2018-03-08,2018,3,Quinta-Feira,8,896,514
2018-03-09,2018,3,Sexta-feira,9,751,400
2018-03-12,2018,3,Segunda-feira,12,730,524
2018-03-13,2018,3,Terça-feira,13,844,525
2018-03-14,2018,3,Quarta-feira,14,847,530
2018-03-15,2018,3,Quinta-Feira,15,829,516
2018-03-16,2018,3,Sexta-feira,16,630,305
2018-03-19,2018,3,Segunda-feira,19,0,0
2018-03-20,2018,3,Terça-feira,20,617,465
2018-03-21,2018,3,Quarta-feira,21,786,396
2018-03-22,2018,3,Quinta-Feira,22,834,519
2018-03-23,2018,3,Sexta-feira,23,650,328
2018-03-26,2018,3,Segunda-feira,26,771,543
2018-03-27,2018,3,Terça-feira,27,823,333
2018-03-28,2018,3,Quarta-feira,28,763,395
2018-03-29,2018,3,Quinta-Feira,29,0,0
2018-03-30,2018,3,Sexta-feira,30,0,0
2018-04-02,2018,4,Segunda-feira,2,713,491
2018-04-03,2018,4,Terça-feira,3,852,539
2018-04-04,2018,4,Quarta-feira,4,830,516
2018-04-05,2018,4,Quinta-Feira,5,889,527
2018-04-06,2018,4,Sexta-feira,6,696,405
2018-04-09,2018,4,Segunda-feira,9,772,488
2018-04-10,2018,4,Terça-feira,10,883,470
2018-04-11,2018,4,Quarta-feira,11,878,481
2018-04-12,2018,4,Quinta-Feira,12,851,462
2018-04-13,2018,4,Sexta-feira,13,726,364
2018-04-16,2018,4,Segunda-feira,16,728,485
2018-04-17,2018,4,Terça-feira,17,851,501
2018-04-18,2018,4,Quarta-feira,18,812,490
2018-04-19,2018,4,Quinta-Feira,19,799,439
2018-04-20,2018,4,Sexta-feira,20,596,330
2018-04-23,2018,4,Segunda-feira,23,761,486
2018-04-24,2018,4,Terça-feira,24,853,494
2018-04-25,2018,4,Quarta-feira,25,794,510
2018-04-26,2018,4,Quinta-Feira,26,763,419
2018-04-27,2018,4,Sexta-feira,27,597,334
2018-04-30,2018,4,Segunda-feira,30,297,146
2018-05-01,2018,5,Terça-feira,1,0,0
2018-05-02,2018,5,Quarta-feira,2,765,469
2018-05-03,2018,5,Quinta-Feira,3,811,485
2018-05-04,2018,5,Sexta-feira,4,652,362
2018-05-07,2018,5,Segunda-feira,7,705,486
2018-05-08,2018,5,Terça-feira,8,827,502
2018-05-09,2018,5,Quarta-feira,9,802,450
2018-05-10,2018,5,Quinta-Feira,10,832,475
2018-05-11,2018,5,Sexta-feira,11,611,307
2018-05-14,2018,5,Segunda-feira,14,651,483
2018-05-15,2018,5,Terça-feira,15,803,476
2018-05-16,2018,5,Quarta-feira,16,774,472
2018-05-17,2018,5,Quinta-Feira,17,767,438
2018-05-18,2018,5,Sexta-feira,18,650,359
2018-05-21,2018,5,Segunda-feira,21,698,464
2018-05-22,2018,5,Terça-feira,22,795,486
2018-05-23,2018,5,Quarta-feira,23,819,469
2018-05-24,2018,5,Quinta-Feira,24,710,483
2018-05-25,2018,5,Sexta-feira,25,572,283
2018-05-28,2018,5,Segunda-feira,28,669,433
2018-05-29,2018,5,Terça-feira,29,776,490
2018-05-30,2018,5,Quarta-feira,30,686,381
2018-05-31,2018,5,Quinta-Feira,31,0,0
2018-06-01,2018,6,Sexta-feira,1,242,129
2018-06-04,2018,6,Segunda-feira,4,660,486
2018-06-05,2018,6,Terça-feira,5,821,527
2018-06-06,2018,6,Quarta-feira,6,828,471
2018-06-07,2018,6,Quinta-Feira,7,811,461
2018-06-08,2018,6,Sexta-feira,8,650,371
2018-06-11,2018,6,Segunda-feira,11,715,460
2018-06-12,2018,6,Terça-feira,12,761,449
2018-06-13,2018,6,Quarta-feira,13,787,403
2018-06-14,2018,6,Quinta-Feira,14,751,438
2018-06-15,2018,6,Sexta-feira,15,639,374
2018-06-18,2018,6,Segunda-feira,18,624,428
2018-06-19,2018,6,Terça-feira,19,774,447
2018-06-20,2018,6,Quarta-feira,20,756,429
2018-06-21,2018,6,Quinta-Feira,21,741,355
2018-06-22,2018,6,Sexta-feira,22,0,205
2018-06-25,2018,6,Segunda-feira,25,529,382
2018-06-26,2018,6,Terça-feira,26,577,334
2018-06-27,2018,6,Quarta-feira,27,374,0
2018-06-28,2018,6,Quinta-Feira,28,419,261
2018-06-29,2018,6,Sexta-feira,29,356,163
2018-07-02,2018,7,Segunda-feira,2,0,135
2018-07-03,2018,7,Terça-feira,3,276,148
2018-07-04,2018,7,Quarta-feira,4,186,0
2018-07-05,2018,7,Quinta-Feira,5,0,0
2018-07-06,2018,7,Sexta-feira,6,68,0
2018-07-09,2018,7,Segunda-feira,9,115,0
2018-07-10,2018,7,Terça-feira,10,123,0
2018-07-11,2018,7,Quarta-feira,11,125,0
2018-07-12,2018,7,Quinta-Feira,12,112,0
2018-07-13,2018,7,Sexta-feira,13,94,0
2018-07-16,2018,7,Segunda-feira,16,115,0
2018-07-17,2018,7,Terça-feira,17,119,0
2018-07-18,2018,7,Quarta-feira,18,115,0
2018-07-19,2018,7,Quinta-Feira,19,91,0
2018-07-20,2018,7,Sexta-feira,20,84,0
2018-07-23,2018,7,Segunda-feira,23,94,0
2018-07-24,2018,7,Terça-feira,24,111,0
2018-07-25,2018,7,Quarta-feira,25,118,0
2018-07-26,2018,7,Quinta-Feira,26,116,0
2018-07-27,2018,7,Sexta-feira,27,122,0
2018-07-30,2018,7,Segunda-feira,30,128,0
2018-07-31,2018,7,Terça-feira,31,160,0
2018-08-01,2018,8,Quarta-feira,1,176,0
2018-08-02,2018,8,Quinta-Feira,2,162,0
2018-08-03,2018,8,Sexta-feira,3,142,0
2018-08-06,2018,8,Segunda-feira,6,732,486
2018-08-07,2018,8,Terça-feira,7,896,560
2018-08-08,2018,8,Quarta-feira,8,877,530
2018-08-09,2018,8,Quinta-Feira,9,862,526
2018-08-10,2018,8,Sexta-feira,10,604,340
2018-08-13,2018,8,Segunda-feira,13,790,520
2018-08-14,2018,8,Terça-feira,14,876,553
2018-08-15,2018,8,Quarta-feira,15,775,548
2018-08-16,2018,8,Quinta-Feira,16,799,555
2018-08-17,2018,8,Sexta-feira,17,680,415
2018-08-20,2018,8,Segunda-feira,20,778,567
2018-08-21,2018,8,Terça-feira,21,903,587
2018-08-22,2018,8,Quarta-feira,22,862,584
2018-08-23,2018,8,Quinta-Feira,23,853,591
2018-08-24,2018,8,Sexta-feira,24,640,359
2018-08-27,2018,8,Segunda-feira,27,788,549
2018-08-28,2018,8,Terça-feira,28,898,561
2018-08-29,2018,8,Quarta-feira,29,848,564
2018-08-30,2018,8,Quinta-Feira,30,845,550
2018-08-31,2018,8,Sexta-feira,31,677,420
2018-09-03,2018,9,Segunda-feira,3,799,567
2018-09-04,2018,9,Terça-feira,4,902,569
2018-09-05,2018,9,Quarta-feira,5,817,529
2018-09-06,2018,9,Quinta-Feira,6,695,398
2018-09-07,2018,9,Sexta-feira,7,0,0
2018-09-10,2018,9,Segunda-feira,10,732,546
2018-09-11,2018,9,Terça-feira,11,897,585
2018-09-12,2018,9,Quarta-feira,12,786,581
2018-09-13,2018,9,Quinta-Feira,13,814,571
2018-09-14,2018,9,Sexta-feira,14,643,403
2018-09-17,2018,9,Segunda-feira,17,757,557
2018-09-18,2018,9,Terça-feira,18,853,538
2018-09-19,2018,9,Quarta-feira,19,833,543
2018-09-20,2018,9,Quinta-Feira,20,809,530
2018-09-21,2018,9,Sexta-feira,21,678,353
2018-09-24,2018,9,Segunda-feira,24,739,518
2018-09-25,2018,9,Terça-feira,25,877,517
2018-09-26,2018,9,Quarta-feira,26,815,522
2018-09-27,2018,9,Quinta-Feira,27,793,550
2018-09-28,2018,9,Sexta-feira,28,592,370
2018-10-01,2018,10,Segunda-feira,1,723,480
2018-10-02,2018,10,Terça-feira,2,855,505
2018-10-03,2018,10,Quarta-feira,3,827,547
2018-10-04,2018,10,Quinta-Feira,4,803,487
2018-10-05,2018,10,Sexta-feira,5,579,300
2018-10-08,2018,10,Segunda-feira,8,645,484
2018-10-09,2018,10,Terça-feira,9,862,490
2018-10-10,2018,10,Quarta-feira,10,781,497
2018-10-11,2018,10,Quinta-Feira,11,716,397
2018-10-12,2018,10,Sexta-feira,12,0,0
2018-10-15,2018,10,Segunda-feira,15,0,0
2018-10-16,2018,10,Terça-feira,16,711,507
2018-10-17,2018,10,Quarta-feira,17,775,523
2018-10-18,2018,10,Quinta-Feira,18,776,534
2018-10-19,2018,10,Sexta-feira,19,685,386
2018-10-22,2018,10,Segunda-feira,22,725,499
2018-10-23,2018,10,Terça-feira,23,846,549
2018-10-24,2018,10,Quarta-feira,24,767,518
2018-10-25,2018,10,Quinta-Feira,25,779,453
2018-10-26,2018,10,Sexta-feira,26,586,308
2018-10-29,2018,10,Segunda-feira,29,498,389
2018-10-30,2018,10,Terça-feira,30,550,378
2018-10-31,2018,10,Quarta-feira,31,538,307
2018-11-01,2018,11,Quinta-Feira,1,489,352
2018-11-02,2018,11,Sexta-feira,2,0,0
2018-11-05,2018,11,Segunda-feira,5,707,504
2018-11-06,2018,11,Terça-feira,6,836,544
2018-11-07,2018,11,Quarta-feira,7,831,518
2018-11-08,2018,11,Quinta-Feira,8,835,492
2018-11-09,2018,11,Sexta-feira,9,674,372
2018-11-12,2018,11,Segunda-feira,12,678,498
2018-11-13,2018,11,Terça-feira,13,859,504
2018-11-14,2018,11,Quarta-feira,14,746,418
2018-11-15,2018,11,Quinta-Feira,15,0,0
2018-11-16,2018,11,Sexta-feira,16,324,181
2018-11-19,2018,11,Segunda-feira,19,710,489
2018-11-20,2018,11,Terça-feira,20,792,488
2018-11-21,2018,11,Quarta-feira,21,801,492
2018-11-22,2018,11,Quinta-Feira,22,744,460
2018-11-23,2018,11,Sexta-feira,23,583,310
2018-11-26,2018,11,Segunda-feira,26,686,400
2018-11-27,2018,11,Terça-feira,27,778,438
2018-11-28,2018,11,Quarta-feira,28,791,426
2018-11-29,2018,11,Quinta-Feira,29,716,464
2018-11-30,2018,11,Sexta-feira,30,600,321
2018-12-03,2018,12,Segunda-feira,3,592,385
2018-12-04,2018,12,Terça-feira,4,655,390
2018-12-05,2018,12,Quarta-feira,5,668,359
2018-12-06,2018,12,Quinta-Feira,6,601,331
2018-12-07,2018,12,Sexta-feira,7,383,188
2018-12-10,2018,12,Segunda-feira,10,342,155
2018-12-11,2018,12,Terça-feira,11,414,227
2018-12-12,2018,12,Quarta-feira,12,400,203
2018-12-13,2018,12,Quinta-Feira,13,307,155
2018-12-14,2018,12,Sexta-feira,14,235,101
2018-12-17,2018,12,Segunda-feira,17,122,0
2018-12-18,2018,12,Terça-feira,18,121,0
2018-12-19,2018,12,Quarta-feira,19,141,0
2018-12-20,2018,12,Quinta-Feira,20,0,0
2018-12-21,2018,12,Sexta-feira,21,0,0
2018-12-24,2018,12,Segunda-feira,24,0,0
2018-12-25,2018,12,Terça-feira,25,0,0
2018-12-26,2018,12,Quarta-feira,26,0,0
2018-12-27,2018,12,Quinta-Feira,27,0,0
2018-12-28,2018,12,Sexta-feira,28,0,0
2018-12-31,2018,12,Segunda-feira,31,0,0
2019-01-01,2019,1,Terça-feira,1,0,0
2019-01-02,2019,1,Quarta-feira,2,0,0
2019-01-03,2019,1,Quinta-Feira,3,0,0
2019-01-04,2019,1,Sexta-feira,4,0,0
2019-01-07,2019,1,Segunda-feira,7,113,0
2019-01-08,2019,1,Terça-feira,8,111,0
2019-01-09,2019,1,Quarta-feira,9,126,0
2019-01-10,2019,1,Quinta-Feira,10,111,0
2019-01-11,2019,1,Sexta-feira,11,85,0
2019-01-14,2019,1,Segunda-feira,14,117,0
2019-01-15,2019,1,Terça-feira,15,127,0
2019-01-16,2019,1,Quarta-feira,16,157,0
2019-01-17,2019,1,Quinta-Feira,17,111,0
2019-01-18,2019,1,Sexta-feira,18,114,0
2019-01-21,2019,1,Segunda-feira,21,149,0
2019-01-22,2019,1,Terça-feira,22,156,0
2019-01-23,2019,1,Quarta-feira,23,179,0
2019-01-24,2019,1,Quinta-Feira,24,188,0
2019-01-25,2019,1,Sexta-feira,25,143,0
2019-01-28,2019,1,Segunda-feira,28,215,0
2019-01-29,2019,1,Terça-feira,29,217,0
2019-01-30,2019,1,Quarta-feira,30,190,0
2019-01-31,2019,1,Quinta-Feira,31,206,0
2019-02-01,2019,2,Sexta-feira,1,189,0
2019-02-04,2019,2,Segunda-feira,4,228,0
2019-02-05,2019,2,Terça-feira,5,205,0
2019-02-06,2019,2,Quarta-feira,6,217,0
2019-02-07,2019,2,Quinta-Feira,7,209,0
2019-02-08,2019,2,Sexta-feira,8,174,0
2019-02-11,2019,2,Segunda-feira,11,219,0
2019-02-12,2019,2,Terça-feira,12,225,0
2019-02-13,2019,2,Quarta-feira,13,246,0
2019-02-14,2019,2,Quinta-Feira,14,238,0
2019-02-15,2019,2,Sexta-feira,15,215,0
2019-02-18,2019,2,Segunda-feira,18,666,445
2019-02-19,2019,2,Terça-feira,19,837,559
2019-02-20,2019,2,Quarta-feira,20,870,479
2019-02-21,2019,2,Quinta-Feira,21,874,481
2019-02-22,2019,2,Sexta-feira,22,696,387
2019-02-25,2019,2,Segunda-feira,25,812,558
2019-02-26,2019,2,Terça-feira,26,950,544
2019-02-27,2019,2,Quarta-feira,27,873,522
2019-02-28,2019,2,Quinta-Feira,28,879,526
2019-03-01,2019,3,Sexta-feira,1,542,295
2019-03-04,2019,3,Segunda-feira,4,0,0
2019-03-05,2019,3,Terça-feira,5,0,0
2019-03-06,2019,3,Quarta-feira,6,0,0
2019-03-07,2019,3,Quinta-Feira,7,603,426
2019-03-08,2019,3,Sexta-feira,8,563,351
2019-03-11,2019,3,Segunda-feira,11,789,516
2019-03-12,2019,3,Terça-feira,12,928,558
2019-03-13,2019,3,Quarta-feira,13,870,558
2019-03-14,2019,3,Quinta-Feira,14,861,529
2019-03-15,2019,3,Sexta-feira,15,699,402
2019-03-18,2019,3,Segunda-feira,18,668,410
2019-03-19,2019,3,Terça-feira,19,0,0
2019-03-20,2019,3,Quarta-feira,20,850,547
2019-03-21,2019,3,Quinta-Feira,21,876,510
2019-03-22,2019,3,Sexta-feira,22,696,388
2019-03-25,2019,3,Segunda-feira,25,0,0
2019-03-26,2019,3,Terça-feira,26,856,552
2019-03-27,2019,3,Quarta-feira,27,822,543
2019-03-28,2019,3,Quinta-Feira,28,830,511
2019-03-29,2019,3,Sexta-feira,29,687,341
2019-04-01,2019,4,Segunda-feira,1,719,489
2019-04-02,2019,4,Terça-feira,2,808,512
2019-04-03,2019,4,Quarta-feira,3,839,499
2019-04-04,2019,4,Quinta-Feira,4,791,511
2019-04-05,2019,4,Sexta-feira,5,667,437
2019-04-08,2019,4,Segunda-feira,8,703,500
2019-04-09,2019,4,Terça-feira,9,844,535
2019-04-10,2019,4,Quarta-feira,10,811,547
2019-04-11,2019,4,Quinta-Feira,11,791,512
2019-04-12,2019,4,Sexta-feira,12,568,0
2019-04-15,2019,4,Segunda-feira,15,743,474
2019-04-16,2019,4,Terça-feira,16,865,541
2019-04-17,2019,4,Quarta-feira,17,729,391
2019-04-18,2019,4,Quinta-Feira,18,0,0
2019-04-19,2019,4,Sexta-feira,19,0,0
2019-04-22,2019,4,Segunda-feira,22,660,487
2019-04-23,2019,4,Terça-feira,23,858,556
2019-04-24,2019,4,Quarta-feira,24,812,504
2019-04-25,2019,4,Quinta-Feira,25,785,506
2019-04-26,2019,4,Sexta-feira,26,672,408
2019-04-29,2019,4,Segunda-feira,29,738,495
2019-04-30,2019,4,Terça-feira,30,874,485
2019-05-01,2019,5,Quarta-feira,1,0,0
2019-05-02,2019,5,Quinta-Feira,2,805,546
2019-05-03,2019,5,Sexta-feira,3,693,380
2019-05-06,2019,5,Segunda-feira,6,780,536
2019-05-07,2019,5,Terça-feira,7,880,581
2019-05-08,2019,5,Quarta-feira,8,971,546
2019-05-09,2019,5,Quinta-Feira,9,843,538
2019-05-10,2019,5,Sexta-feira,10,655,379
2019-05-13,2019,5,Segunda-feira,13,684,513
2019-05-14,2019,5,Terça-feira,14,873,583
2019-05-15,2019,5,Quarta-feira,15,699,450
2019-05-16,2019,5,Quinta-Feira,16,818,600
2019-05-17,2019,5,Sexta-feira,17,771,447
2019-05-20,2019,5,Segunda-feira,20,775,546
2019-05-21,2019,5,Terça-feira,21,963,559
2019-05-22,2019,5,Quarta-feira,22,876,598
2019-05-23,2019,5,Quinta-Feira,23,937,581
2019-05-24,2019,5,Sexta-feira,24,708,397
2019-05-27,2019,5,Segunda-feira,27,725,574
2019-05-28,2019,5,Terça-feira,28,954,653
2019-05-29,2019,5,Quarta-feira,29,905,575
2019-05-30,2019,5,Quinta-Feira,30,919,557
2019-05-31,2019,5,Sexta-feira,31,757,379
2019-06-03,2019,6,Segunda-feira,3,725,557
2019-06-04,2019,6,Terça-feira,4,931,598
2019-06-05,2019,6,Quarta-feira,5,939,591
2019-06-06,2019,6,Quinta-Feira,6,868,553
2019-06-07,2019,6,Sexta-feira,7,715,398
2019-06-10,2019,6,Segunda-feira,10,746,551
2019-06-11,2019,6,Terça-feira,11,944,565
2019-06-12,2019,6,Quarta-feira,12,901,536
2019-06-13,2019,6,Quinta-Feira,13,832,486
2019-06-14,2019,6,Sexta-feira,14,579,302
2019-06-17,2019,6,Segunda-feira,17,746,548
2019-06-18,2019,6,Terça-feira,18,915,506
2019-06-19,2019,6,Quarta-feira,19,803,448
2019-06-20,2019,6,Quinta-Feira,20,0,0
2019-06-21,2019,6,Sexta-feira,21,468,230
2019-06-24,2019,6,Segunda-feira,24,664,443
2019-06-25,2019,6,Terça-feira,25,678,429
2019-06-26,2019,6,Quarta-feira,26,653,405
2019-06-27,2019,6,Quinta-Feira,27,593,355
2019-06-28,2019,6,Sexta-feira,28,461,245
2019-07-01,2019,7,Segunda-feira,1,368,255
2019-07-02,2019,7,Terça-feira,2,466,260
2019-07-03,2019,7,Quarta-feira,3,402,208
2019-07-04,2019,7,Quinta-Feira,4,297,146
2019-07-05,2019,7,Sexta-feira,5,0,0
2019-07-08,2019,7,Segunda-feira,8,139,0
2019-07-09,2019,7,Terça-feira,9,153,0
2019-07-10,2019,7,Quarta-feira,10,153,0
2019-07-11,2019,7,Quinta-Feira,11,130,0
2019-07-12,2019,7,Sexta-feira,12,113,0
2019-07-15,2019,7,Segunda-feira,15,118,28
2019-07-16,2019,7,Terça-feira,16,149,26
2019-07-17,2019,7,Quarta-feira,17,140,26
2019-07-18,2019,7,Quinta-Feira,18,133,21
2019-07-19,2019,7,Sexta-feira,19,94,0
2019-07-22,2019,7,Segunda-feira,22,118,0
2019-07-23,2019,7,Terça-feira,23,125,0
2019-07-24,2019,7,Quarta-feira,24,127,0
2019-07-25,2019,7,Quinta-Feira,25,120,0
2019-07-26,2019,7,Sexta-feira,26,130,0
2019-07-29,2019,7,Segunda-feira,29,135,0
2019-07-30,2019,7,Terça-feira,30,129,0
2019-07-31,2019,7,Quarta-feira,31,135,0
2019-08-01,2019,8,Quinta-Feira,1,150,0
2019-08-02,2019,8,Sexta-feira,2,133,0
2019-08-05,2019,8,Segunda-feira,5,801,544
2019-08-06,2019,8,Terça-feira,6,912,539
2019-08-07,2019,8,Quarta-feira,7,927,587
2019-08-08,2019,8,Quinta-Feira,8,948,550
2019-08-09,2019,8,Sexta-feira,9,661,338
2019-08-12,2019,8,Segunda-feira,12,834,633
2019-08-13,2019,8,Terça-feira,13,1006,643
2019-08-14,2019,8,Quarta-feira,14,975,642
2019-08-15,2019,8,Quinta-Feira,15,913,602
2019-08-16,2019,8,Sexta-feira,16,750,407
2019-08-19,2019,8,Segunda-feira,19,863,609
2019-08-20,2019,8,Terça-feira,20,1022,663
2019-08-21,2019,8,Quarta-feira,21,991,628
2019-08-22,2019,8,Quinta-Feira,22,969,649
2019-08-23,2019,8,Sexta-feira,23,773,406
2019-08-26,2019,8,Segunda-feira,26,824,593
2019-08-27,2019,8,Terça-feira,27,957,664
2019-08-28,2019,8,Quarta-feira,28,989,714
2019-08-29,2019,8,Quinta-Feira,29,931,577
2019-08-30,2019,8,Sexta-feira,30,679,368
2019-08-31,2019,8,Sábado,31,0,0
2019-09-02,2019,9,Segunda-feira,2,839,607
2019-09-03,2019,9,Terça-feira,3,958,654
2019-09-04,2019,9,Quarta-feira,4,918,670
2019-09-05,2019,9,Quinta-Feira,5,938,591
2019-09-06,2019,9,Sexta-feira,6,724,357
2019-09-09,2019,9,Segunda-feira,9,824,579
2019-09-10,2019,9,Terça-feira,10,963,640
2019-09-11,2019,9,Quarta-feira,11,962,640
2019-09-12,2019,9,Quinta-Feira,12,952,611
2019-09-13,2019,9,Sexta-feira,13,781,405
2019-09-16,2019,9,Segunda-feira,16,867,587
2019-09-17,2019,9,Terça-feira,17,991,651
2019-09-18,2019,9,Quarta-feira,18,927,655
2019-09-19,2019,9,Quinta-Feira,19,956,650
2019-09-20,2019,9,Sexta-feira,20,752,384
2019-09-23,2019,9,Segunda-feira,23,817,598
2019-09-24,2019,9,Terça-feira,24,970,615
2019-09-25,2019,9,Quarta-feira,25,966,607
2019-09-26,2019,9,Quinta-Feira,26,845,547
2019-09-27,2019,9,Sexta-feira,27,717,357
2019-09-30,2019,9,Segunda-feira,30,814,563
2019-10-01,2019,10,Terça-feira,1,910,629
2019-10-02,2019,10,Quarta-feira,2,919,581
2019-10-03,2019,10,Quinta-Feira,3,839,554
2019-10-04,2019,10,Sexta-feira,4,684,324
2019-10-07,2019,10,Segunda-feira,7,774,530
2019-10-08,2019,10,Terça-feira,8,924,579
2019-10-09,2019,10,Quarta-feira,9,849,585
2019-10-10,2019,10,Quinta-Feira,10,812,534
2019-10-11,2019,10,Sexta-feira,11,698,353
2019-10-14,2019,10,Segunda-feira,14,0,0
2019-10-15,2019,10,Terça-feira,15,821,616
2019-10-16,2019,10,Quarta-feira,16,907,611
2019-10-17,2019,10,Quinta-Feira,17,842,553
2019-10-18,2019,10,Sexta-feira,18,678,365
2019-10-21,2019,10,Segunda-feira,21,775,582
2019-10-22,2019,10,Terça-feira,22,908,639
2019-10-23,2019,10,Quarta-feira,23,908,599
2019-10-24,2019,10,Quinta-Feira,24,803,501
2019-10-25,2019,10,Sexta-feira,25,589,298
2019-10-29,2019,10,Terça-feira,29,836,550
2019-10-30,2019,10,Quarta-feira,30,866,567
2019-10-31,2019,10,Quinta-Feira,31,782,539
2019-11-01,2019,11,Sexta-feira,1,640,333
2019-11-04,2019,11,Segunda-feira,4,798,533
2019-11-05,2019,11,Terça-feira,5,915,562
2019-11-06,2019,11,Quarta-feira,6,852,581
2019-11-07,2019,11,Quinta-Feira,7,809,485
2019-11-08,2019,11,Sexta-feira,8,677,329
2019-11-11,2019,11,Segunda-feira,11,743,526
2019-11-12,2019,11,Terça-feira,12,865,599
2019-11-13,2019,11,Quarta-feira,13,871,583
2019-11-14,2019,11,Quinta-Feira,14,717,398
2019-11-18,2019,11,Segunda-feira,18,745,519
2019-11-19,2019,11,Terça-feira,19,873,545
2019-11-20,2019,11,Quarta-feira,20,819,546
2019-11-21,2019,11,Quinta-Feira,21,834,519
2019-11-22,2019,11,Sexta-feira,22,656,350
2019-11-25,2019,11,Segunda-feira,25,735,514
2019-11-26,2019,11,Terça-feira,26,823,499
2019-11-27,2019,11,Quarta-feira,27,806,507
2019-11-28,2019,11,Quinta-Feira,28,776,480
2019-11-29,2019,11,Sexta-feira,29,599,256
2019-12-02,2019,12,Segunda-feira,2,645,473
2019-12-03,2019,12,Terça-feira,3,702,408
2019-12-04,2019,12,Quarta-feira,4,664,383
2019-12-05,2019,12,Quinta-Feira,5,629,352
2019-12-06,2019,12,Sexta-feira,6,487,224
2019-12-09,2019,12,Segunda-feira,9,378,255
2019-12-10,2019,12,Terça-feira,10,410,212
2019-12-11,2019,12,Quarta-feira,11,393,177
2019-12-12,2019,12,Quinta-Feira,12,333,140
2019-12-13,2019,12,Sexta-feira,13,238,76
2019-12-16,2019,12,Segunda-feira,16,130,0
2019-12-17,2019,12,Terça-feira,17,134,0
2019-12-18,2019,12,Quarta-feira,18,150,0
2019-12-19,2019,12,Quinta-Feira,19,120,0
2019-12-20,2019,12,Sexta-feira,20,106,0
2019-12-23,2019,12,Segunda-feira,23,0,0
2019-12-24,2019,12,Terça-feira,24,0,0
2019-12-25,2019,12,Quarta-feira,25,0,0
2019-12-26,2019,12,Quinta-Feira,26,0,0
2019-12-27,2019,12,Sexta-feira,27,0,0
2019-12-30,2019,12,Segunda-feira,30,0,0
2019-12-31,2019,12,Terça-feira,31,0,0
2020-01-06,2020,1,Segunda-feira,6,82,0
2020-01-07,2020,1,Terça-feira,7,91,0
2020-01-08,2020,1,Quarta-feira,8,132,0
2020-01-09,2020,1,Quinta-Feira,9,114,0
2020-01-10,2020,1,Sexta-feira,10,80,0
2020-01-13,2020,1,Segunda-feira,13,94,0
2020-01-14,2020,1,Terça-feira,14,118,0
2020-01-15,2020,1,Quarta-feira,15,138,0
2020-01-16,2020,1,Quinta-Feira,16,122,0
2020-01-17,2020,1,Sexta-feira,17,94,0
2020-01-20,2020,1,Segunda-feira,20,115,0
2020-01-21,2020,1,Terça-feira,21,171,0
2020-01-22,2020,1,Quarta-feira,22,160,0
2020-01-23,2020,1,Quinta-Feira,23,147,0
2020-01-24,2020,1,Sexta-feira,24,153,0
2020-01-27,2020,1,Segunda-feira,27,102,0
2020-01-28,2020,1,Terça-feira,28,138,0
2020-01-29,2020,1,Quarta-feira,29,155,0
2020-01-30,2020,1,Quinta-Feira,30,142,0
2020-01-31,2020,1,Sexta-feira,31,131,0
2020-02-03,2020,2,Segunda-feira,3,219,45
2020-02-04,2020,2,Terça-feira,4,261,55
2020-02-05,2020,2,Quarta-feira,5,223,35
2020-02-06,2020,2,Quinta-Feira,6,210,38
2020-02-07,2020,2,Sexta-feira,7,136,0
2020-02-10,2020,2,Segunda-feira,10,129,0
2020-02-11,2020,2,Terça-feira,11,143,0
2020-02-12,2020,2,Quarta-feira,12,173,0
2020-02-13,2020,2,Quinta-Feira,13,149,0
2020-02-14,2020,2,Sexta-feira,14,184,0
2020-02-17,2020,2,Segunda-feira,17,723,503
2020-02-18,2020,2,Terça-feira,18,961,577
2020-02-19,2020,2,Quarta-feira,19,912,413
2020-02-20,2020,2,Quinta-Feira,20,779,379
2020-02-21,2020,2,Sexta-feira,21,487,132
2020-02-24,2020,2,Segunda-feira,24,0,0
2020-02-25,2020,2,Terça-feira,25,0,0
2020-02-26,2020,2,Quarta-feira,26,0,0
2020-02-27,2020,2,Quinta-Feira,27,689,501
2020-02-28,2020,2,Sexta-feira,28,657,289
2020-03-02,2020,3,Segunda-feira,2,847,614
2020-03-03,2020,3,Terça-feira,3,1033,687
2020-03-04,2020,3,Quarta-feira,4,830,608
2020-03-05,2020,3,Quinta-Feira,5,944,691
2020-03-06,2020,3,Sexta-feira,6,823,353
2020-03-09,2020,3,Segunda-feira,9,843,639
2020-03-10,2020,3,Terça-feira,10,1001,626
2020-03-11,2020,3,Quarta-feira,11,1002,611
2020-03-12,2020,3,Quinta-Feira,12,953,549
2020-03-13,2020,3,Sexta-feira,13,795,410
2020-03-16,2020,3,Segunda-feira,16,646,328
2020-03-17,2020,3,Terça-feira,17,104,31
2020-03-18,2020,3,Quarta-feira,18,31,12
2020-03-19,2020,3,Quinta-Feira,19,0,0
2020-03-20,2020,3,Sexta-feira,20,12,9
2020-03-23,2020,3,Segunda-feira,23,9,6
2020-03-24,2020,3,Terça-feira,24,10,9
2020-03-25,2020,3,Quarta-feira,25,0,0
2020-03-26,2020,3,Quinta-Feira,26,11,13
2020-03-27,2020,3,Sexta-feira,27,15,14
2020-03-30,2020,3,Segunda-feira,30,13,12
2020-03-31,2020,3,Terça-feira,31,14,9
